date,task,duration_minutes
05/25/2025,daily backup,15
05/25/2025,server health check,12
05/26/2025,daily backup,17
05/26/2025,server health check,11
05/26/2025,team meeting,30
05/26/2025,vulnerability scan,60
05/27/2025,daily backup,16
05/27/2025,server health check,10
05/28/2025,daily backup,15
05/28/2025,server health check,11
05/29/2025,daily backup,17
05/29/2025,server health check,12
05/29/2025,security patch update,25
05/30/2025,daily backup,16
05/30/2025,server health check,11
05/31/2025,daily backup,15
05/31/2025,server health check,10
06/01/2025,daily backup,17
06/01/2025,server health check,12
06/02/2025, daily backup,16
06/02/2025, server health check,11
06/02/2025, incident response,47
06/03/2025, daily backup,15
06/03/2025, server health check,10
06/04/2025, daily backup,16
06/04/2025, server health check,11
06/04/2025, vulnerability scan,58
06/05/2025, daily backup,17
06/05/2025, server health check,12
06/06/2025, daily backup,16
06/06/2025, server health check,10
06/07/2025, daily backup,15
06/07/2025, server health check,11
06/07/2025, team meeting,30
06/08/2025, daily backup,17
06/08/2025, server health check,12
06/09/2025, daily backup,16
06/09/2025, server health check,11
06/10/2025, daily backup,15
06/10/2025, server health check,10
06/11/2025, daily backup,17
06/11/2025, server health check,12
06/11/2025, security patch update,28
06/12/2025, daily backup,16
06/12/2025, server health check,11
06/13/2025, daily backup,15
06/13/2025, server health check,10
06/14/2025, daily backup,17
06/14/2025, server health check,12
06/15/2025, daily backup,16
06/15/2025, server health check,11
06/15/2025, incident response,50
06/16/2025, daily backup,15
06/16/2025, server health check,10
06/17/2025, daily backup,16
06/17/2025, server health check,11
06/17/2025, vulnerability scan,57
06/18/2025, daily backup,17
06/18/2025, server health check,12
06/19/2025, daily backup,16
06/19/2025, server health check,11
06/20/2025, daily backup,15
06/20/2025, server health check,10
06/21/2025, daily backup,17
06/21/2025, server health check,12
06/21/2025, team meeting,29
06/22/2025, daily backup,16
06/22/2025, server health check,11
06/23/2025, daily backup,15
06/23/2025, server health check,10
06/24/2025, daily backup,17
06/24/2025, server health check,12
06/24/2025, security patch update,26
06/25/2025, daily backup,16
06/25/2025, server health check,11
06/26/2025, daily backup,15
06/26/2025, server health check,10
06/27/2025, daily backup,17
06/27/2025, server health check,12
06/27/2025, incident response,52
06/28/2025, daily backup,16
06/28/2025, server health check,11
06/29/2025, daily backup,15
06/29/2025, server health check,10
06/30/2025, daily backup,17
06/30/2025, server health check,12
06/01/2025,daily backup,13
06/01/2025,vulnerability scan,50
06/01/2025,incident response,4306/01/2025,daily backup,18
06/01/2025,vulnerability scan,54
06/01/2025,team meeting,35
